URL,Último rastreo
https://flashcheckouts.com/enterprise,1969-12-31
https://flashcheckouts.com/explorar,1969-12-31
https://flashcheckouts.com/legal/terms,1969-12-31
https://flashcheckouts.com/pricing,1969-12-31
https://flashcheckouts.com/solutions/customer-support,1969-12-31
https://flashcheckouts.com/solutions/ecommerce-retail,1969-12-31
https://flashcheckouts.com/solutions/education-training,1969-12-31
https://flashcheckouts.com/solutions/fitness-wellness,1969-12-31
https://flashcheckouts.com/solutions/sales-agent,1969-12-31
https://flashcheckouts.com/solutions/travel-hospitality,1969-12-31
https://flashcheckouts.com/tienda/lcdavid,1969-12-31
https://flashcheckouts.com/tienda/productosrufina,1969-12-31
https://flashcheckouts.com/tienda/test-store,1969-12-31
https://flashcheckouts.com/tienda/tienda-webs,1969-12-31
https://flashcheckouts.com/work/doc,1969-12-31